Property Name,Date of Sale,Address,Size of Unit,Bedroom,Sale Price Per Square Foot,Purchase Price Per Square Foot,Profit Price Per Square Foot
Adana @ Thomson,23/7/2021,8 OLD UPPER THOMSON ROAD #02-02,560,2,"1,701","1,660",41
Adana @ Thomson,27/12/2021,10 OLD UPPER THOMSON ROAD #04-09,560,2,"1,840","1,679",161
Adana @ Thomson,3/9/2019,8 OLD UPPER THOMSON ROAD #04-05,"1,152",4,"1,650","1,563",87
Adana @ Thomson,14/9/2021,12 OLD UPPER THOMSON ROAD #04-14,721,3,"1,733","1,618",115
Adana @ Thomson,17/11/2021,12 OLD UPPER THOMSON ROAD #04-11,947,3,"1,737","1,579",158
Adana @ Thomson,29/6/2020,10 OLD UPPER THOMSON ROAD #02-07,721,3,"1,754","1,597",157
Adana @ Thomson,8/2/2021,12 OLD UPPER THOMSON ROAD #04-12,721,3,"1,796","1,618",178
Botanique at Bartley,11/11/2019,231 UPPER PAYA LEBAR ROAD #06-29,732,2,"1,336","1,232",104
Botanique at Bartley,28/6/2019,233 UPPER PAYA LEBAR ROAD #12-32,732,2,"1,353","1,317",36
Botanique at Bartley,18/9/2018,237 UPPER PAYA LEBAR ROAD #08-45,517,1,"1,355","1,277",78
Botanique at Bartley,26/10/2020,223 UPPER PAYA LEBAR ROAD #14-06,732,2,"1,366","1,343",23
Botanique at Bartley,12/11/2019,229 UPPER PAYA LEBAR ROAD #01-22,657,2,"1,399","1,272",127
Botanique at Bartley,17/4/2019,233 UPPER PAYA LEBAR ROAD #02-31,495,1,"1,414","1,274",140
Botanique at Bartley,11/8/2020,229 UPPER PAYA LEBAR ROAD #02-22,657,2,"1,416","1,256",160
Botanique at Bartley,5/3/2021,233 UPPER PAYA LEBAR ROAD #11-35,657,2,"1,416","1,276",140
Botanique at Bartley,25/10/2019,223 UPPER PAYA LEBAR ROAD #02-06,732,2,"1,418","1,288",130
Botanique at Bartley,13/8/2021,233 UPPER PAYA LEBAR ROAD #02-34,517,1,"1,428","1,229",199
Botanique at Bartley,28/12/2020,233 UPPER PAYA LEBAR ROAD #08-35,657,2,"1,429","1,258",171
Botanique at Bartley,2/12/2020,233 UPPER PAYA LEBAR ROAD #09-34,517,1,"1,432","1,279",153
Botanique at Bartley,27/11/2020,233 UPPER PAYA LEBAR ROAD #04-34,517,1,"1,432","1,243",189
Botanique at Bartley,12/12/2019,229 UPPER PAYA LEBAR ROAD #06-20,517,1,"1,436","1,262",174
Botanique at Bartley,26/11/2019,227 UPPER PAYA LEBAR ROAD #07-14,732,2,"1,441","1,283",158
Botanique at Bartley,7/11/2019,233 UPPER PAYA LEBAR ROAD #09-35,657,2,"1,447","1,264",183
Botanique at Bartley,25/8/2020,231 UPPER PAYA LEBAR ROAD #04-25,657,2,"1,447","1,237",210
Botanique at Bartley,23/9/2020,221 UPPER PAYA LEBAR ROAD #03-02,753,2,"1,447","1,193",254
Botanique at Bartley,21/11/2019,229 UPPER PAYA LEBAR ROAD #04-20,517,1,"1,448","1,248",200
Botanique at Bartley,7/2/2020,235 UPPER PAYA LEBAR ROAD #08-40,721,2,"1,449","1,273",176
Botanique at Bartley,12/5/2021,229 UPPER PAYA LEBAR ROAD #05-20,517,1,"1,452","1,256",196
Botanique at Bartley,21/12/2020,235 UPPER PAYA LEBAR ROAD #06-41,721,2,"1,453","1,262",191
Botanique at Bartley,3/9/2019,237 UPPER PAYA LEBAR ROAD #03-48,495,1,"1,454","1,270",184
Botanique at Bartley,17/8/2020,229 UPPER PAYA LEBAR ROAD #02-23,495,1,"1,458","1,274",184
Botanique at Bartley,12/12/2019,231 UPPER PAYA LEBAR ROAD #08-25,657,2,"1,459","1,272",187
Botanique at Bartley,20/12/2019,229 UPPER PAYA LEBAR ROAD #13-19,732,2,"1,462","1,283",179
Botanique at Bartley,13/2/2020,235 UPPER PAYA LEBAR ROAD #06-40,721,2,"1,467","1,262",205
Botanique at Bartley,27/10/2021,237 UPPER PAYA LEBAR ROAD #04-45,517,1,"1,471","1,248",223
Botanique at Bartley,29/8/2019,221 UPPER PAYA LEBAR ROAD #02-02,753,2,"1,471","1,189",282
Botanique at Bartley,26/3/2021,237 UPPER PAYA LEBAR ROAD #06-46,657,2,"1,477","1,266",211
Botanique at Bartley,3/9/2020,231 UPPER PAYA LEBAR ROAD #08-30,495,1,"1,478","1,280",198
Botanique at Bartley,3/2/2020,225 UPPER PAYA LEBAR ROAD #14-10,732,2,"1,482","1,343",139
Botanique at Bartley,31/1/2020,231 UPPER PAYA LEBAR ROAD #15-25,657,2,"1,485","1,301",184
Botanique at Bartley,25/9/2020,223 UPPER PAYA LEBAR ROAD #04-06,732,2,"1,486","1,273",213
Botanique at Bartley,21/1/2021,221 UPPER PAYA LEBAR ROAD #05-02,753,2,"1,486","1,204",282
Botanique at Bartley,27/5/2020,227 UPPER PAYA LEBAR ROAD #16-14,732,2,"1,489","1,339",150
Botanique at Bartley,30/12/2020,233 UPPER PAYA LEBAR ROAD #11-34,517,1,"1,490","1,293",197
Botanique at Bartley,19/2/2021,229 UPPER PAYA LEBAR ROAD #03-22,657,2,"1,493","1,261",232
Botanique at Bartley,23/9/2019,233 UPPER PAYA LEBAR ROAD #03-37,495,1,"1,496","1,282",214
Botanique at Bartley,16/4/2021,227 UPPER PAYA LEBAR ROAD #04-14,732,2,"1,497","1,268",229
Botanique at Bartley,8/10/2020,233 UPPER PAYA LEBAR ROAD #04-31,495,1,"1,498","1,305",193
Botanique at Bartley,28/8/2019,229 UPPER PAYA LEBAR ROAD #08-18,732,2,"1,500","1,313",187
Botanique at Bartley,24/10/2019,221 UPPER PAYA LEBAR ROAD #14-02,753,2,"1,500","1,252",248
Botanique at Bartley,3/12/2020,225 UPPER PAYA LEBAR ROAD #08-10,732,2,"1,503","1,292",211
Botanique at Bartley,22/12/2020,223 UPPER PAYA LEBAR ROAD #12-06,732,2,"1,503","1,331",172
Botanique at Bartley,30/1/2020,229 UPPER PAYA LEBAR ROAD #15-18,732,2,"1,503","1,342",161
Botanique at Bartley,25/2/2021,229 UPPER PAYA LEBAR ROAD #13-18,732,2,"1,504","1,329",175
Botanique at Bartley,8/7/2019,233 UPPER PAYA LEBAR ROAD #08-31,495,1,"1,505","1,321",184
Botanique at Bartley,10/2/2021,231 UPPER PAYA LEBAR ROAD #05-24,495,1,"1,507","1,252",255
Botanique at Bartley,6/5/2021,229 UPPER PAYA LEBAR ROAD #07-22,657,2,"1,508","1,284",224
Botanique at Bartley,5/7/2021,231 UPPER PAYA LEBAR ROAD #02-25,657,2,"1,508","1,221",287
Botanique at Bartley,15/11/2021,233 UPPER PAYA LEBAR ROAD #01-34,517,1,"1,510","1,237",273
Botanique at Bartley,30/9/2020,237 UPPER PAYA LEBAR ROAD #13-48,495,1,"1,515","1,347",168
Botanique at Bartley,17/3/2020,229 UPPER PAYA LEBAR ROAD #12-17,495,1,"1,515","1,351",164
Botanique at Bartley,26/10/2020,221 UPPER PAYA LEBAR ROAD #07-04,743,2,"1,515","1,280",235
Botanique at Bartley,29/10/2019,237 UPPER PAYA LEBAR ROAD #04-43,732,2,"1,516","1,277",239
Botanique at Bartley,15/10/2019,229 UPPER PAYA LEBAR ROAD #12-18,732,2,"1,516","1,322",194
Botanique at Bartley,13/4/2021,231 UPPER PAYA LEBAR ROAD #11-25,657,2,"1,523","1,288",235
Botanique at Bartley,29/1/2021,231 UPPER PAYA LEBAR ROAD #12-25,657,2,"1,523","1,281",242
Botanique at Bartley,12/5/2021,237 UPPER PAYA LEBAR ROAD #08-46,657,2,"1,523","1,278",245
Botanique at Bartley,11/6/2019,237 UPPER PAYA LEBAR ROAD #09-42,495,1,"1,525","1,329",196
Botanique at Bartley,11/6/2019,221 UPPER PAYA LEBAR ROAD #07-02,753,2,"1,526","1,213",313
Botanique at Bartley,7/11/2019,225 UPPER PAYA LEBAR ROAD #11-10,732,2,"1,527","1,310",217
Botanique at Bartley,12/11/2019,233 UPPER PAYA LEBAR ROAD #05-31,495,1,"1,535","1,297",238
Botanique at Bartley,22/10/2019,233 UPPER PAYA LEBAR ROAD #10-31,495,1,"1,535","1,337",198
Botanique at Bartley,4/5/2020,229 UPPER PAYA LEBAR ROAD #14-18,732,2,"1,537","1,335",202
Botanique at Bartley,27/11/2019,221 UPPER PAYA LEBAR ROAD #15-02,753,2,"1,540","1,257",283
Botanique at Bartley,15/10/2019,233 UPPER PAYA LEBAR ROAD #08-36,732,2,"1,544","1,292",252
Botanique at Bartley,8/3/2021,233 UPPER PAYA LEBAR ROAD #07-36,732,2,"1,544","1,287",257
Botanique at Bartley,23/12/2020,237 UPPER PAYA LEBAR ROAD #05-43,732,2,"1,544","1,283",261
Botanique at Bartley,19/3/2021,233 UPPER PAYA LEBAR ROAD #06-37,495,1,"1,545","1,305",240
Botanique at Bartley,29/12/2020,237 UPPER PAYA LEBAR ROAD #11-42,495,1,"1,545","1,345",200
Botanique at Bartley,2/11/2020,237 UPPER PAYA LEBAR ROAD #12-48,495,1,"1,545","1,337",208
Botanique at Bartley,25/2/2021,229 UPPER PAYA LEBAR ROAD #06-22,657,2,"1,546","1,278",268
Botanique at Bartley,23/2/2020,221 UPPER PAYA LEBAR ROAD #15-04,743,2,"1,548","1,329",219
Botanique at Bartley,1/2/2021,231 UPPER PAYA LEBAR ROAD #07-26,657,2,"1,553","1,270",283
Botanique at Bartley,28/6/2019,233 UPPER PAYA LEBAR ROAD #09-37,495,1,"1,555","1,329",226
Botanique at Bartley,26/3/2021,237 UPPER PAYA LEBAR ROAD #08-47,732,2,"1,556","1,273",283
Botanique at Bartley,19/3/2021,223 UPPER PAYA LEBAR ROAD #05-06,732,2,"1,557","1,276",281
Botanique at Bartley,27/8/2020,233 UPPER PAYA LEBAR ROAD #07-32,732,2,"1,557","1,287",270
Botanique at Bartley,15/11/2021,237 UPPER PAYA LEBAR ROAD #11-45,517,1,"1,558","1,299",259
Botanique at Bartley,20/5/2021,233 UPPER PAYA LEBAR ROAD #04-32,732,2,"1,564","1,271",293
Botanique at Bartley,6/8/2019,237 UPPER PAYA LEBAR ROAD #13-42,495,1,"1,565","1,375",190
Botanique at Bartley,16/4/2021,231 UPPER PAYA LEBAR ROAD #08-26,657,2,"1,566","1,276",290
Botanique at Bartley,6/8/2021,229 UPPER PAYA LEBAR ROAD #13-23,495,1,"1,575","1,361",214
Botanique at Bartley,16/7/2021,229 UPPER PAYA LEBAR ROAD #01-17,495,1,"1,581","1,303",278
Botanique at Bartley,3/8/2021,223 UPPER PAYA LEBAR ROAD #06-06,732,2,"1,583","1,282",301
Botanique at Bartley,20/4/2021,237 UPPER PAYA LEBAR ROAD #05-48,495,1,"1,585","1,299",286
Botanique at Bartley,5/7/2021,235 UPPER PAYA LEBAR ROAD #12-41,721,2,"1,588","1,299",289
Botanique at Bartley,18/7/2019,237 UPPER PAYA LEBAR ROAD #12-42,495,1,"1,595","1,367",228
Botanique at Bartley,30/7/2021,235 UPPER PAYA LEBAR ROAD #07-40,721,2,"1,595","1,267",328
Botanique at Bartley,12/8/2021,225 UPPER PAYA LEBAR ROAD #05-10,732,2,"1,598","1,276",322
Botanique at Bartley,17/2/2021,231 UPPER PAYA LEBAR ROAD #16-26,657,2,"1,599","1,342",257
Botanique at Bartley,9/4/2021,233 UPPER PAYA LEBAR ROAD #16-37,495,1,"1,606","1,389",217
Botanique at Bartley,9/5/2019,233 UPPER PAYA LEBAR ROAD #10-32,732,2,"1,611","1,305",306
Botanique at Bartley,18/5/2021,223 UPPER PAYA LEBAR ROAD #07-06,732,2,"1,612","1,290",322
Botanique at Bartley,18/10/2021,229 UPPER PAYA LEBAR ROAD #11-22,657,2,"1,619","1,322",297
Botanique at Bartley,27/4/2021,227 UPPER PAYA LEBAR ROAD #15-14,732,2,"1,626","1,329",297
Botanique at Bartley,19/8/2021,237 UPPER PAYA LEBAR ROAD #16-48,495,1,"1,632","1,373",259
Botanique at Bartley,27/9/2021,231 UPPER PAYA LEBAR ROAD #10-24,495,1,"1,636","1,291",345
Botanique at Bartley,30/8/2021,235 UPPER PAYA LEBAR ROAD #15-41,721,2,"1,636","1,316",320
Botanique at Bartley,12/5/2021,237 UPPER PAYA LEBAR ROAD #14-43,732,2,"1,639","1,335",304
Botanique at Bartley,28/12/2021,237 UPPER PAYA LEBAR ROAD #13-43,732,2,"1,647","1,329",318
Botanique at Bartley,7/12/2021,237 UPPER PAYA LEBAR ROAD #09-48,495,1,"1,652","1,329",323
Botanique at Bartley,21/7/2021,233 UPPER PAYA LEBAR ROAD #15-32,732,2,"1,653","1,335",318
Botanique at Bartley,27/12/2021,227 UPPER PAYA LEBAR ROAD #06-14,732,2,"1,660","1,275",385
Botanique at Bartley,10/12/2021,227 UPPER PAYA LEBAR ROAD #13-14,732,2,"1,680","1,318",362
Botanique at Bartley,8/9/2017,227 UPPER PAYA LEBAR ROAD #08-15,926,3,"1,383","1,283",100
Botanique at Bartley,14/11/2019,227 UPPER PAYA LEBAR ROAD #02-13,958,3,"1,493","1,243",250
Botanique at Bartley,25/6/2020,223 UPPER PAYA LEBAR ROAD #05-05,958,3,"1,503","1,245",258
Botanique at Bartley,17/9/2020,223 UPPER PAYA LEBAR ROAD #13-07,926,3,"1,512","1,324",188
Botanique at Bartley,11/9/2020,223 UPPER PAYA LEBAR ROAD #07-05,958,3,"1,514","1,258",256
Botanique at Bartley,15/3/2021,227 UPPER PAYA LEBAR ROAD #16-16,"1,130",3,"1,538","1,342",196
Botanique at Bartley,10/10/2019,221 UPPER PAYA LEBAR ROAD #04-03,"1,033",3,"1,539","1,314",225
Botanique at Bartley,9/4/2020,227 UPPER PAYA LEBAR ROAD #14-15,926,3,"1,543","1,313",230
Botanique at Bartley,11/7/2019,235 UPPER PAYA LEBAR ROAD #09-39,"1,033",3,"1,548","1,321",227
Botanique at Bartley,19/2/2021,235 UPPER PAYA LEBAR ROAD #02-39,"1,033",3,"1,548","1,307",241
Botanique at Bartley,25/1/2021,221 UPPER PAYA LEBAR ROAD #08-01,"1,066",3,"1,548","1,323",225
Botanique at Bartley,23/12/2020,227 UPPER PAYA LEBAR ROAD #11-15,926,3,"1,550","1,297",253
Botanique at Bartley,16/8/2019,235 UPPER PAYA LEBAR ROAD #16-39,"1,033",3,"1,597","1,353",244
Botanique at Bartley,29/4/2021,235 UPPER PAYA LEBAR ROAD #13-38,"1,033",3,"1,645","1,359",286
Botanique at Bartley,20/8/2021,223 UPPER PAYA LEBAR ROAD #14-05,958,3,"1,691","1,286",405
Botanique at Bartley,21/12/2021,223 UPPER PAYA LEBAR ROAD #09-05,958,3,"1,722","1,262",460
High Park Residences,22/11/2019,21 FERNVALE ROAD #05-02,"1,367",4,995,863,132
High Park Residences,27/9/2017,21 FERNVALE ROAD #09-07,990,3,"1,050",895,155
High Park Residences,12/12/2019,21 FERNVALE ROAD #10-02,"1,367",4,"1,061",877,184
High Park Residences,7/1/2021,23 FERNVALE ROAD #03-14,980,3,"1,065",914,151
High Park Residences,7/10/2019,21 FERNVALE ROAD #08-02,"1,367",4,"1,068",870,198
High Park Residences,20/4/2021,23 FERNVALE ROAD #04-15,893,3,"1,075",835,240
High Park Residences,2/6/2020,31 FERNVALE ROAD #03-48,872,3,"1,080",837,243
High Park Residences,24/8/2018,25 FERNVALE ROAD #22-22,"1,281",4,"1,081",870,211
High Park Residences,9/7/2020,21 FERNVALE ROAD #15-02,"1,367",4,"1,086",888,198
High Park Residences,8/1/2020,21 FERNVALE ROAD #04-06,872,3,"1,090",906,184
High Park Residences,15/11/2019,31 FERNVALE ROAD #03-57,872,3,"1,090",952,138
High Park Residences,19/9/2018,31 FERNVALE ROAD #14-48,893,3,"1,092",878,214
High Park Residences,28/12/2020,21 FERNVALE ROAD #05-03,872,3,"1,099",903,196
High Park Residences,9/11/2020,29 FERNVALE ROAD #04-34,872,3,"1,101",913,188
High Park Residences,2/7/2020,29 FERNVALE ROAD #03-39,872,3,"1,101",851,250
High Park Residences,8/11/2019,23 FERNVALE ROAD #07-15,893,3,"1,106",863,243
High Park Residences,18/12/2018,31 FERNVALE ROAD #02-58,883,3,"1,110",854,256
High Park Residences,12/10/2018,31 FERNVALE ROAD #12-58,872,3,"1,119",893,226
High Park Residences,9/11/2020,31 FERNVALE ROAD #06-58,893,3,"1,119",857,262
High Park Residences,10/9/2018,25 FERNVALE ROAD #16-19,"1,399",5,"1,122",870,252
High Park Residences,30/7/2020,25 FERNVALE ROAD #04-23,"1,227",4,"1,129",871,258
High Park Residences,14/11/2019,27 FERNVALE ROAD #20-31,"1,238",4,"1,131",942,189
High Park Residences,19/9/2019,25 FERNVALE ROAD #05-19,"1,389",5,"1,131",845,286
High Park Residences,6/1/2020,25 FERNVALE ROAD #08-22,"1,227",4,"1,139",851,288
High Park Residences,8/10/2021,21 FERNVALE ROAD #03-03,872,3,"1,140",916,224
High Park Residences,5/11/2019,27 FERNVALE ROAD #02-27,947,3,"1,140",940,200
High Park Residences,5/11/2018,23 FERNVALE ROAD #22-11,"1,163",4,"1,144",939,205
High Park Residences,13/7/2020,29 FERNVALE ROAD #12-35,"1,442",5,"1,144",910,234
High Park Residences,5/4/2021,21 FERNVALE ROAD #06-07,990,3,"1,146",878,268
High Park Residences,29/10/2019,21 FERNVALE ROAD #06-03,872,3,"1,147",935,212
High Park Residences,15/8/2019,21 FERNVALE ROAD #17-06,872,3,"1,147",960,187
High Park Residences,2/3/2020,27 FERNVALE ROAD #20-30,"1,399",5,"1,149",916,233
High Park Residences,23/9/2019,27 FERNVALE ROAD #24-30,"1,399",5,"1,151",922,229
High Park Residences,17/10/2019,25 FERNVALE ROAD #12-18,"1,421",5,"1,153",929,224
High Park Residences,11/1/2019,25 FERNVALE ROAD #13-23,"1,227",4,"1,157",896,261
High Park Residences,8/11/2018,31 FERNVALE ROAD #06-57,893,3,"1,160",957,203
High Park Residences,2/9/2019,25 FERNVALE ROAD #14-18,"1,421",5,"1,161",933,228
High Park Residences,8/8/2019,25 FERNVALE ROAD #21-23,"1,281",4,"1,163",913,250
High Park Residences,16/8/2019,21 FERNVALE ROAD #12-06,872,3,"1,169",938,231
High Park Residences,17/10/2019,25 FERNVALE ROAD #11-23,"1,227",4,"1,172",892,280
High Park Residences,23/9/2020,29 FERNVALE ROAD #06-38,980,3,"1,174",866,308
High Park Residences,16/10/2020,31 FERNVALE ROAD #21-58,893,3,"1,175",926,249
High Park Residences,18/10/2019,29 FERNVALE ROAD #20-35,"1,442",5,"1,175",924,251
High Park Residences,10/6/2021,29 FERNVALE ROAD #15-35,"1,442",5,"1,179",917,262
High Park Residences,6/3/2020,21 FERNVALE ROAD #22-06,872,3,"1,181",973,208
High Park Residences,15/4/2021,31 FERNVALE ROAD #13-57,893,3,"1,181",994,187
High Park Residences,20/1/2020,21 FERNVALE ROAD #11-07,990,3,"1,181",897,284
High Park Residences,13/11/2020,25 FERNVALE ROAD #19-18,"1,421",5,"1,182",941,241
High Park Residences,5/7/2021,31 FERNVALE ROAD #05-57,893,3,"1,186",963,223
High Park Residences,27/8/2019,23 FERNVALE ROAD #21-10,"1,163",4,"1,187",907,280
High Park Residences,19/8/2019,27 FERNVALE ROAD #07-26,"1,152",4,"1,188",847,341
High Park Residences,6/3/2020,27 FERNVALE ROAD #08-26,"1,152",4,"1,198",828,370
High Park Residences,15/11/2019,25 FERNVALE ROAD #20-22,"1,227",4,"1,198",874,324
High Park Residences,9/2/2021,25 FERNVALE ROAD #22-23,"1,281",4,"1,201",906,295
High Park Residences,7/9/2020,31 FERNVALE ROAD #18-57,872,3,"1,204","1,017",187
High Park Residences,11/2/2019,31 FERNVALE ROAD #24-58,872,3,"1,204",944,260
High Park Residences,5/3/2020,29 FERNVALE ROAD #09-38,980,3,"1,205",875,330
High Park Residences,20/3/2020,21 FERNVALE ROAD #11-03,872,3,"1,207",957,250
High Park Residences,17/1/2020,27 FERNVALE ROAD #15-26,"1,152",4,"1,207",882,325
High Park Residences,16/8/2021,31 FERNVALE ROAD #22-48,893,3,"1,209",913,296
High Park Residences,27/9/2021,29 FERNVALE ROAD #02-34,872,3,"1,213",904,309
High Park Residences,19/8/2019,29 FERNVALE ROAD #10-35,"1,442",5,"1,213",901,312
High Park Residences,28/9/2020,31 FERNVALE ROAD #23-58,893,3,"1,214",932,282
High Park Residences,8/10/2021,31 FERNVALE ROAD #02-49,980,3,"1,215",922,293
High Park Residences,2/8/2021,27 FERNVALE ROAD #23-30,"1,399",5,"1,215",917,298
High Park Residences,12/9/2019,23 FERNVALE ROAD #18-10,"1,152",4,"1,216",902,314
High Park Residences,20/10/2021,27 FERNVALE ROAD #12-31,"1,238",4,"1,220",916,304
High Park Residences,2/2/2021,25 FERNVALE ROAD #12-23,"1,227",4,"1,222",891,331
High Park Residences,17/9/2021,25 FERNVALE ROAD #03-23,"1,227",4,"1,222",875,347
High Park Residences,12/11/2021,29 FERNVALE ROAD #07-39,872,3,"1,225",860,365
High Park Residences,10/6/2021,29 FERNVALE ROAD #15-38,980,3,"1,225",893,332
High Park Residences,13/3/2019,29 FERNVALE ROAD #08-38,980,3,"1,225",872,353
High Park Residences,11/8/2020,21 FERNVALE ROAD #08-03,872,3,"1,227",946,281
High Park Residences,24/5/2021,21 FERNVALE ROAD #18-02,"1,367",4,"1,229",900,329
High Park Residences,10/9/2020,25 FERNVALE ROAD #09-19,"1,399",5,"1,229",847,382
High Park Residences,19/4/2021,27 FERNVALE ROAD #14-31,"1,238",4,"1,232",921,311
High Park Residences,10/10/2019,29 FERNVALE ROAD #24-38,"1,001",3,"1,239",929,310
High Park Residences,16/12/2020,29 FERNVALE ROAD #10-38,980,3,"1,246",882,364
High Park Residences,21/7/2020,29 FERNVALE ROAD #17-38,980,3,"1,246",904,342
High Park Residences,9/12/2019,21 FERNVALE ROAD #23-07,"1,001",3,"1,249",950,299
High Park Residences,31/12/2021,29 FERNVALE ROAD #11-39,872,3,"1,250",883,367
High Park Residences,17/9/2021,29 FERNVALE ROAD #22-39,872,3,"1,262",935,327
High Park Residences,26/11/2021,27 FERNVALE ROAD #11-27,947,3,"1,262","1,007",255
High Park Residences,8/11/2019,21 FERNVALE ROAD #06-04,667,2,"1,106",969,137
High Park Residences,9/7/2020,29 FERNVALE ROAD #03-36,667,2,"1,124","1,025",99
High Park Residences,5/10/2020,29 FERNVALE ROAD #05-36,667,2,"1,154","1,043",111
High Park Residences,27/5/2020,29 FERNVALE ROAD #05-37,678,2,"1,158",953,205
High Park Residences,4/10/2019,21 FERNVALE ROAD #06-05,678,2,"1,165",905,260
High Park Residences,31/3/2021,23 FERNVALE ROAD #03-09,592,2,"1,174",973,201
High Park Residences,29/5/2020,29 FERNVALE ROAD #03-37,678,2,"1,177",935,242
High Park Residences,27/8/2019,25 FERNVALE ROAD #21-20,721,2,"1,179","1,034",145
High Park Residences,7/1/2021,23 FERNVALE ROAD #05-13,678,2,"1,180",997,183
High Park Residences,23/1/2020,29 FERNVALE ROAD #02-37,678,2,"1,180",957,223
High Park Residences,17/10/2018,25 FERNVALE ROAD #13-17,710,2,"1,180","1,071",109
High Park Residences,16/10/2020,25 FERNVALE ROAD #12-21,732,2,"1,180",997,183
High Park Residences,9/10/2019,27 FERNVALE ROAD #08-32,667,2,"1,184","1,011",173
High Park Residences,22/9/2021,25 FERNVALE ROAD #06-21,732,2,"1,186",962,224
High Park Residences,8/7/2020,23 FERNVALE ROAD #02-12,495,1,"1,192","1,076",116
High Park Residences,16/8/2019,27 FERNVALE ROAD #04-25,667,2,"1,199",993,206
High Park Residences,9/11/2020,23 FERNVALE ROAD #04-12,667,2,"1,199",984,215
High Park Residences,31/8/2021,23 FERNVALE ROAD #03-12,667,2,"1,202",962,240
High Park Residences,20/8/2019,29 FERNVALE ROAD #04-40,581,2,"1,204",924,280
High Park Residences,3/1/2020,23 FERNVALE ROAD #10-12,667,2,"1,206","1,026",180
High Park Residences,1/2/2019,29 FERNVALE ROAD #08-36,667,2,"1,206","1,044",162
High Park Residences,17/6/2021,21 FERNVALE ROAD #07-05,678,2,"1,206",916,290
High Park Residences,30/6/2021,27 FERNVALE ROAD #04-28,667,2,"1,211",954,257
High Park Residences,25/8/2020,21 FERNVALE ROAD #12-01,667,2,"1,211","1,080",131
High Park Residences,27/8/2019,27 FERNVALE ROAD #02-28,495,1,"1,212","1,000",212
High Park Residences,14/6/2021,25 FERNVALE ROAD #05-20,721,2,"1,213",957,256
High Park Residences,11/5/2021,21 FERNVALE ROAD #07-01,667,2,"1,214","1,034",180
High Park Residences,4/9/2020,21 FERNVALE ROAD #11-04,667,2,"1,214","1,010",204
High Park Residences,22/10/2020,23 FERNVALE ROAD #21-12,667,2,"1,214","1,082",132
High Park Residences,19/9/2019,25 FERNVALE ROAD #20-21,732,2,"1,216","1,036",180
High Park Residences,16/10/2020,21 FERNVALE ROAD #21-05,678,2,"1,217","1,007",210
High Park Residences,24/1/2019,29 FERNVALE ROAD #15-37,678,2,"1,217","1,020",197
High Park Residences,30/8/2019,29 FERNVALE ROAD #11-40,581,2,"1,221",960,261
High Park Residences,15/10/2020,21 FERNVALE ROAD #15-05,678,2,"1,224",957,267
High Park Residences,18/9/2019,23 FERNVALE ROAD #12-13,678,2,"1,224","1,034",190
High Park Residences,21/4/2021,21 FERNVALE ROAD #06-08,667,2,"1,226",954,272
High Park Residences,19/10/2020,27 FERNVALE ROAD #03-32,667,2,"1,226",989,237
High Park Residences,19/11/2019,27 FERNVALE ROAD #21-25,667,2,"1,226","1,082",144
High Park Residences,9/3/2020,27 FERNVALE ROAD #20-27,947,3,"1,286","1,044",242
High Park Residences,20/8/2019,27 FERNVALE ROAD #10-28,667,2,"1,229",987,242
High Park Residences,29/4/2020,29 FERNVALE ROAD #20-36,667,2,"1,229","1,098",131
High Park Residences,21/12/2018,31 FERNVALE ROAD #06-47,398,1,"1,230",992,238
High Park Residences,1/8/2019,21 FERNVALE ROAD #19-07,990,3,"1,288",933,355
High Park Residences,30/11/2018,31 FERNVALE ROAD #07-47,398,1,"1,230","1,029",201
High Park Residences,15/10/2020,21 FERNVALE ROAD #20-05,678,2,"1,231","1,003",228
High Park Residences,20/2/2020,25 FERNVALE ROAD #09-20,721,2,"1,231",979,252
High Park Residences,4/12/2020,25 FERNVALE ROAD #19-17,710,2,"1,232","1,102",130
High Park Residences,5/9/2019,27 FERNVALE ROAD #05-32,667,2,"1,233",992,241
High Park Residences,3/4/2020,27 FERNVALE ROAD #10-25,667,2,"1,236","1,026",210
High Park Residences,3/9/2019,21 FERNVALE ROAD #12-05,678,2,"1,236",961,275
High Park Residences,4/9/2019,25 FERNVALE ROAD #04-17,710,2,"1,236","1,022",214
High Park Residences,16/9/2020,27 FERNVALE ROAD #17-32,667,2,"1,238","1,076",162
High Park Residences,22/7/2020,27 FERNVALE ROAD #14-32,667,2,"1,238","1,062",176
High Park Residences,14/9/2021,27 FERNVALE ROAD #14-27,947,3,"1,293","1,025",268
High Park Residences,10/9/2018,31 FERNVALE ROAD #08-43,388,1,"1,239",989,250
High Park Residences,20/9/2018,31 FERNVALE ROAD #12-42,452,1,"1,239",963,276
High Park Residences,21/3/2019,31 FERNVALE ROAD #07-42,452,1,"1,239",923,316
High Park Residences,21/4/2020,25 FERNVALE ROAD #02-20,484,1,"1,239","1,020",219
High Park Residences,5/8/2020,23 FERNVALE ROAD #03-13,678,2,"1,239",961,278
High Park Residences,15/9/2021,29 FERNVALE ROAD #18-38,980,3,"1,297",907,390
High Park Residences,7/8/2019,25 FERNVALE ROAD #11-17,710,2,"1,239","1,057",182
High Park Residences,9/9/2019,31 FERNVALE ROAD #06-41,463,1,"1,242",959,283
High Park Residences,29/4/2020,23 FERNVALE ROAD #04-09,592,2,"1,242",978,264
High Park Residences,26/1/2021,31 FERNVALE ROAD #03-51,581,2,"1,244","1,025",219
High Park Residences,24/8/2020,31 FERNVALE ROAD #08-54,635,2,"1,244",981,263
High Park Residences,15/8/2019,31 FERNVALE ROAD #05-54,635,2,"1,244",990,254
High Park Residences,8/7/2020,27 FERNVALE ROAD #05-25,667,2,"1,244",992,252
High Park Residences,10/1/2020,27 FERNVALE ROAD #17-25,667,2,"1,244","1,076",168
High Park Residences,23/8/2019,27 FERNVALE ROAD #04-32,667,2,"1,244",993,251
High Park Residences,30/4/2018,21 FERNVALE ROAD #06-01,667,2,"1,244","1,023",221
High Park Residences,14/8/2019,31 FERNVALE ROAD #07-50,570,2,"1,245","1,052",193
High Park Residences,14/1/2020,31 FERNVALE ROAD #03-55,581,2,"1,247","1,092",155
High Park Residences,17/2/2021,31 FERNVALE ROAD #10-59,592,2,"1,247",953,294
High Park Residences,19/2/2021,29 FERNVALE ROAD #04-33,592,2,"1,248",919,329
High Park Residences,18/8/2021,23 FERNVALE ROAD #07-12,667,2,"1,248","1,007",241
High Park Residences,29/1/2020,31 FERNVALE ROAD #09-47,398,1,"1,253","1,055",198
High Park Residences,29/6/2020,31 FERNVALE ROAD #04-51,581,2,"1,254","1,031",223
High Park Residences,21/5/2020,31 FERNVALE ROAD #23-59,592,2,"1,255","1,039",216
High Park Residences,12/10/2020,23 FERNVALE ROAD #03-16,581,2,"1,256",943,313
High Park Residences,16/4/2021,21 FERNVALE ROAD #20-04,667,2,"1,256","1,056",200
High Park Residences,9/12/2021,29 FERNVALE ROAD #06-36,667,2,"1,257","1,047",210
High Park Residences,12/7/2021,21 FERNVALE ROAD #14-04,667,2,"1,257","1,023",234
High Park Residences,8/12/2020,21 FERNVALE ROAD #11-08,667,2,"1,257",989,268
High Park Residences,9/11/2020,25 FERNVALE ROAD #08-24,700,2,"1,258","1,036",222
High Park Residences,27/8/2019,23 FERNVALE ROAD #13-16,581,2,"1,259","1,017",242
High Park Residences,3/12/2018,27 FERNVALE ROAD #08-28,667,2,"1,259",949,310
High Park Residences,15/8/2019,27 FERNVALE ROAD #21-28,667,2,"1,259","1,049",210
High Park Residences,14/8/2019,31 FERNVALE ROAD #02-41,474,1,"1,263",963,300
High Park Residences,1/6/2021,21 FERNVALE ROAD #24-08,667,2,"1,263","1,071",192
High Park Residences,14/11/2019,31 FERNVALE ROAD #06-46,388,1,"1,265",994,271
High Park Residences,9/9/2019,23 FERNVALE ROAD #12-16,581,2,"1,265","1,012",253
High Park Residences,26/8/2019,23 FERNVALE ROAD #21-16,581,2,"1,265","1,072",193
High Park Residences,5/9/2019,31 FERNVALE ROAD #18-59,592,2,"1,267",957,310
High Park Residences,27/12/2021,25 FERNVALE ROAD #18-22,"1,227",4,"1,320",872,448
High Park Residences,11/9/2019,29 FERNVALE ROAD #13-33,592,2,"1,267",971,296
High Park Residences,3/10/2019,23 FERNVALE ROAD #13-09,592,2,"1,267","1,052",215
High Park Residences,20/8/2019,31 FERNVALE ROAD #06-42,452,1,"1,272",916,356
High Park Residences,3/9/2019,31 FERNVALE ROAD #05-44,452,1,"1,272",964,308
High Park Residences,22/8/2019,29 FERNVALE ROAD #18-40,581,2,"1,273","1,010",263
High Park Residences,20/8/2019,21 FERNVALE ROAD #19-08,667,2,"1,274","1,049",225
High Park Residences,25/11/2020,31 FERNVALE ROAD #22-59,592,2,"1,275","1,034",241
High Park Residences,5/3/2020,31 FERNVALE ROAD #05-50,570,2,"1,276","1,027",249
High Park Residences,16/8/2021,29 FERNVALE ROAD #18-37,678,2,"1,280","1,016",264
High Park Residences,10/12/2021,29 FERNVALE ROAD #12-37,678,2,"1,280","1,007",273
High Park Residences,14/5/2021,31 FERNVALE ROAD #14-59,592,2,"1,282",973,309
High Park Residences,3/9/2019,31 FERNVALE ROAD #10-42,452,1,"1,283",951,332
High Park Residences,26/8/2019,31 FERNVALE ROAD #02-56,474,1,"1,284","1,062",222
High Park Residences,12/5/2021,29 FERNVALE ROAD #19-33,592,2,"1,284","1,022",262
High Park Residences,26/3/2020,29 FERNVALE ROAD #25-33,592,2,"1,284","1,059",225
High Park Residences,12/1/2021,31 FERNVALE ROAD #04-44,452,1,"1,287",971,316
High Park Residences,8/1/2021,31 FERNVALE ROAD #06-56,570,2,"1,288","1,032",256
High Park Residences,11/11/2020,31 FERNVALE ROAD #08-50,570,2,"1,288","1,064",224
High Park Residences,16/8/2018,29 FERNVALE ROAD #09-36,667,2,"1,289","1,043",246
High Park Residences,19/8/2019,27 FERNVALE ROAD #20-28,667,2,"1,289","1,044",245
High Park Residences,16/10/2019,31 FERNVALE ROAD #05-43,388,1,"1,290",986,304
High Park Residences,14/10/2019,31 FERNVALE ROAD #11-43,388,1,"1,290","1,011",279
High Park Residences,11/1/2019,31 FERNVALE ROAD #20-43,388,1,"1,290","1,123",167
High Park Residences,12/11/2019,31 FERNVALE ROAD #10-46,388,1,"1,290","1,097",193
High Park Residences,20/8/2018,31 FERNVALE ROAD #14-43,388,1,"1,290","1,081",209
High Park Residences,19/8/2019,31 FERNVALE ROAD #13-44,452,1,"1,290","1,040",250
High Park Residences,6/12/2021,25 FERNVALE ROAD #10-20,721,2,"1,290",983,307
High Park Residences,30/8/2018,31 FERNVALE ROAD #05-52,452,1,"1,294","1,032",262
High Park Residences,5/11/2019,31 FERNVALE ROAD #21-56,570,2,"1,294","1,153",141
High Park Residences,19/8/2019,31 FERNVALE ROAD #10-41,463,1,"1,296","1,033",263
High Park Residences,12/7/2021,27 FERNVALE ROAD #20-32,667,2,"1,296","1,095",201
High Park Residences,11/5/2021,29 FERNVALE ROAD #14-33,592,2,"1,297",983,314
High Park Residences,11/11/2019,31 FERNVALE ROAD #12-51,581,2,"1,299","1,099",200
High Park Residences,30/12/2021,23 FERNVALE ROAD #13-10,"1,152",4,"1,363",879,484
High Park Residences,31/8/2021,25 FERNVALE ROAD #06-17,710,2,"1,299","1,025",274
High Park Residences,8/6/2021,29 FERNVALE ROAD #18-33,592,2,"1,301",997,304
High Park Residences,19/2/2020,31 FERNVALE ROAD #13-46,388,1,"1,303","1,089",214
High Park Residences,17/10/2019,31 FERNVALE ROAD #09-46,388,1,"1,303","1,043",260
High Park Residences,7/11/2019,31 FERNVALE ROAD #20-46,388,1,"1,303","1,154",149
High Park Residences,8/1/2020,31 FERNVALE ROAD #06-45,441,1,"1,303",952,351
High Park Residences,4/12/2019,31 FERNVALE ROAD #13-45,441,1,"1,303","1,008",295
High Park Residences,8/8/2019,31 FERNVALE ROAD #04-45,441,1,"1,303",938,365
High Park Residences,3/4/2020,31 FERNVALE ROAD #08-44,452,1,"1,305",980,325
High Park Residences,2/9/2019,31 FERNVALE ROAD #09-53,452,1,"1,305","1,099",206
High Park Residences,5/11/2021,25 FERNVALE ROAD #18-20,721,2,"1,310","1,027",283
High Park Residences,19/7/2021,31 FERNVALE ROAD #04-43,388,1,"1,311",978,333
High Park Residences,28/12/2020,31 FERNVALE ROAD #14-51,581,2,"1,311","1,110",201
High Park Residences,27/12/2021,23 FERNVALE ROAD #09-12,667,2,"1,311","1,004",307
High Park Residences,13/9/2021,31 FERNVALE ROAD #07-55,581,2,"1,312","1,086",226
High Park Residences,29/10/2021,29 FERNVALE ROAD #15-33,592,2,"1,312",975,337
High Park Residences,25/11/2019,25 FERNVALE ROAD #12-24,700,2,"1,312","1,059",253
High Park Residences,5/10/2020,31 FERNVALE ROAD #13-50,570,2,"1,315","1,104",211
High Park Residences,16/6/2021,29 FERNVALE ROAD #20-33,592,2,"1,315","1,027",288
High Park Residences,10/9/2018,31 FERNVALE ROAD #10-43,388,1,"1,316","1,004",312
High Park Residences,12/10/2021,21 FERNVALE ROAD #18-08,667,2,"1,316","1,026",290
High Park Residences,18/9/2019,31 FERNVALE ROAD #20-51,581,2,"1,325","1,148",177
High Park Residences,4/12/2019,31 FERNVALE ROAD #23-42,452,1,"1,327","1,128",199
High Park Residences,27/12/2019,31 FERNVALE ROAD #17-45,441,1,"1,328","1,076",252
High Park Residences,12/9/2019,31 FERNVALE ROAD #13-43,388,1,"1,329","1,074",255
High Park Residences,1/10/2018,31 FERNVALE ROAD #12-46,388,1,"1,329","1,112",217
High Park Residences,2/2/2021,31 FERNVALE ROAD #11-41,463,1,"1,329","1,026",303
High Park Residences,7/4/2020,31 FERNVALE ROAD #22-47,398,1,"1,331","1,193",138
High Park Residences,19/8/2019,31 FERNVALE ROAD #15-54,635,2,"1,331","1,044",287
High Park Residences,30/7/2021,31 FERNVALE ROAD #15-50,570,2,"1,332","1,115",217
High Park Residences,28/8/2019,31 FERNVALE ROAD #20-50,570,2,"1,332","1,148",184
High Park Residences,19/8/2019,31 FERNVALE ROAD #12-52,452,1,"1,338","1,119",219
High Park Residences,30/10/2020,31 FERNVALE ROAD #11-45,441,1,"1,339","1,022",317
High Park Residences,23/8/2021,23 FERNVALE ROAD #02-16,581,2,"1,342",975,367
High Park Residences,28/10/2020,31 FERNVALE ROAD #17-51,581,2,"1,342","1,125",217
High Park Residences,25/5/2021,31 FERNVALE ROAD #15-55,581,2,"1,342","1,161",181
High Park Residences,14/12/2021,31 FERNVALE ROAD #02-42,463,1,"1,344",964,380
High Park Residences,18/10/2019,31 FERNVALE ROAD #24-53,452,1,"1,345","1,221",124
High Park Residences,15/2/2021,31 FERNVALE ROAD #19-41,463,1,"1,345","1,100",245
High Park Residences,5/10/2018,31 FERNVALE ROAD #20-41,463,1,"1,350","1,106",244
High Park Residences,11/8/2021,31 FERNVALE ROAD #11-47,398,1,"1,356","1,070",286
High Park Residences,30/10/2020,31 FERNVALE ROAD #10-52,452,1,"1,360","1,106",254
High Park Residences,23/8/2019,31 FERNVALE ROAD #19-44,452,1,"1,360","1,102",258
High Park Residences,18/8/2021,31 FERNVALE ROAD #13-41,463,1,"1,361","1,039",322
High Park Residences,28/8/2019,31 FERNVALE ROAD #24-52,452,1,"1,367","1,261",106
High Park Residences,20/10/2021,31 FERNVALE ROAD #12-43,388,1,"1,368","1,066",302
High Park Residences,17/9/2021,31 FERNVALE ROAD #23-54,635,2,"1,370","1,113",257
High Park Residences,12/4/2021,31 FERNVALE ROAD #24-54,635,2,"1,370","1,118",252
High Park Residences,28/4/2021,31 FERNVALE ROAD #09-44,452,1,"1,371","1,000",371
High Park Residences,9/4/2020,31 FERNVALE ROAD #18-41,463,1,"1,372","1,093",279
High Park Residences,23/12/2019,31 FERNVALE ROAD #03-52,452,1,"1,376","1,051",325
High Park Residences,19/8/2019,31 FERNVALE ROAD #18-50,570,2,"1,376","1,138",238
High Park Residences,29/10/2020,31 FERNVALE ROAD #24-42,452,1,"1,378","1,135",243
High Park Residences,31/3/2020,31 FERNVALE ROAD #14-46,388,1,"1,381","1,097",284
High Park Residences,18/3/2021,31 FERNVALE ROAD #23-47,398,1,"1,381","1,200",181
High Park Residences,13/12/2019,31 FERNVALE ROAD #17-52,452,1,"1,385","1,206",179
High Park Residences,2/11/2020,31 FERNVALE ROAD #15-53,452,1,"1,389","1,179",210
High Park Residences,10/9/2021,31 FERNVALE ROAD #12-45,441,1,"1,394","1,029",365
High Park Residences,24/8/2020,31 FERNVALE ROAD #25-45,441,1,"1,405","1,153",252
High Park Residences,17/2/2021,31 FERNVALE ROAD #16-53,452,1,"1,405","1,186",219
High Park Residences,27/1/2021,31 FERNVALE ROAD #18-43,388,1,"1,414","1,138",276
High Park Residences,19/8/2019,31 FERNVALE ROAD #22-42,452,1,"1,416","1,108",308
High Park Residences,10/9/2020,31 FERNVALE ROAD #21-53,452,1,"1,416","1,241",175
High Park Residences,13/7/2021,31 FERNVALE ROAD #21-47,398,1,"1,426","1,185",241
High Park Residences,12/8/2021,31 FERNVALE ROAD #10-53,452,1,"1,460","1,106",354
High Park Residences,5/11/2021,31 FERNVALE ROAD #21-46,388,1,"1,471","1,177",294
High Park Residences,22/10/2021,31 FERNVALE ROAD #16-46,388,1,"1,471","1,112",359
High Park Residences,22/11/2021,31 FERNVALE ROAD #04-50,570,2,"1,481","1,022",459
Kingsford Waterbay,26/2/2021,72 UPPER SERANGOON VIEW #08-38,"1,033",4,"1,297","1,124",173
Kingsford Waterbay,26/3/2021,70 UPPER SERANGOON VIEW #06-33,883,3,"1,303","1,116",187
Kingsford Waterbay,29/7/2019,68 UPPER SERANGOON VIEW #11-23,883,3,"1,314","1,135",179
Kingsford Waterbay,14/1/2020,72 UPPER SERANGOON VIEW #03-44,484,1,"1,053","1,086",-33
Kingsford Waterbay,21/12/2020,80 UPPER SERANGOON VIEW #03-71,657,2,"1,112","1,055",57
Kingsford Waterbay,10/5/2021,64 UPPER SERANGOON VIEW #09-01,721,2,"1,183","1,151",32
Kingsford Waterbay,16/7/2020,70 UPPER SERANGOON VIEW #03-27,484,1,"1,197","1,086",111
Kingsford Waterbay,16/3/2021,78 UPPER SERANGOON VIEW #05-70,635,2,"1,197","1,064",133
Kingsford Waterbay,6/10/2021,80 UPPER SERANGOON VIEW #15-78,635,2,"1,205","1,135",70
Kingsford Waterbay,18/1/2021,66 UPPER SERANGOON VIEW #08-09,484,1,"1,208","1,111",97
Kingsford Waterbay,22/6/2021,76 UPPER SERANGOON VIEW #03-58,689,2,"1,216","1,103",113
Kingsford Waterbay,4/3/2021,70 UPPER SERANGOON VIEW #08-31,689,2,"1,219","1,124",95
Kingsford Waterbay,28/6/2021,68 UPPER SERANGOON VIEW #05-26,484,1,"1,224","1,117",107
Kingsford Waterbay,27/8/2021,68 UPPER SERANGOON VIEW #09-22,689,2,"1,227","1,128",99
Kingsford Waterbay,29/11/2021,64 UPPER SERANGOON VIEW #06-04,624,2,"1,230","1,067",163
Kingsford Waterbay,2/7/2021,64 UPPER SERANGOON VIEW #10-04,624,2,"1,230","1,102",128
Kingsford Waterbay,30/4/2021,64 UPPER SERANGOON VIEW #05-05,614,2,"1,231","1,063",168
Kingsford Waterbay,19/10/2021,64 UPPER SERANGOON VIEW #08-01,721,2,"1,234","1,116",118
Kingsford Waterbay,12/11/2020,68 UPPER SERANGOON VIEW #15-25,484,1,"1,239","1,146",93
Kingsford Waterbay,27/1/2021,74 UPPER SERANGOON VIEW #05-46,484,1,"1,239","1,127",112
Kingsford Waterbay,8/7/2020,68 UPPER SERANGOON VIEW #04-25,484,1,"1,239","1,115",124
Kingsford Waterbay,20/4/2018,64 UPPER SERANGOON VIEW #10-05,614,2,"1,242","1,082",160
Kingsford Waterbay,13/8/2020,70 UPPER SERANGOON VIEW #08-35,474,1,"1,246","1,132",114
Kingsford Waterbay,9/12/2021,64 UPPER SERANGOON VIEW #04-05,614,2,"1,247","1,059",188
Kingsford Waterbay,26/6/2020,76 UPPER SERANGOON VIEW #10-58,689,2,"1,248","1,132",116
Kingsford Waterbay,17/9/2020,64 UPPER SERANGOON VIEW #06-01,721,2,"1,248","1,108",140
Kingsford Waterbay,17/6/2021,74 UPPER SERANGOON VIEW #07-46,484,1,"1,249","1,123",126
Kingsford Waterbay,28/1/2021,74 UPPER SERANGOON VIEW #07-53,474,1,"1,256","1,106",150
Kingsford Waterbay,15/7/2019,74 UPPER SERANGOON VIEW #06-45,484,1,"1,259","1,100",159
Kingsford Waterbay,29/7/2021,68 UPPER SERANGOON VIEW #05-22,689,2,"1,260","1,112",148
Kingsford Waterbay,26/11/2021,64 UPPER SERANGOON VIEW #07-05,614,2,"1,263","1,071",192
Kingsford Waterbay,22/1/2020,64 UPPER SERANGOON VIEW #11-08,710,2,"1,264","1,127",137
Kingsford Waterbay,6/3/2020,68 UPPER SERANGOON VIEW #08-26,484,1,"1,266","1,111",155
Kingsford Waterbay,26/11/2021,68 UPPER SERANGOON VIEW #09-18,474,1,"1,267","1,117",150
Kingsford Waterbay,5/10/2021,72 UPPER SERANGOON VIEW #12-36,474,1,"1,267","1,151",116
Kingsford Waterbay,18/3/2021,64 UPPER SERANGOON VIEW #10-08,710,2,"1,267","1,123",144
Kingsford Waterbay,16/6/2021,72 UPPER SERANGOON VIEW #09-36,474,1,"1,273","1,146",127
Kingsford Waterbay,4/10/2021,76 UPPER SERANGOON VIEW #03-61,484,1,"1,276","1,086",190
Kingsford Waterbay,20/12/2021,72 UPPER SERANGOON VIEW #04-36,474,1,"1,277","1,092",185
Kingsford Waterbay,20/1/2021,74 UPPER SERANGOON VIEW #03-45,484,1,"1,280","1,086",194
Kingsford Waterbay,28/10/2021,68 UPPER SERANGOON VIEW #06-25,484,1,"1,280","1,121",159
Kingsford Waterbay,13/3/2020,68 UPPER SERANGOON VIEW #03-21,678,2,"1,280","1,103",177
Kingsford Waterbay,8/4/2021,70 UPPER SERANGOON VIEW #15-27,484,1,"1,290","1,166",124
Kingsford Waterbay,17/10/2019,68 UPPER SERANGOON VIEW #08-25,484,1,"1,297","1,131",166
Kingsford Waterbay,4/8/2021,72 UPPER SERANGOON VIEW #15-36,474,1,"1,299","1,146",153
Kingsford Waterbay,9/12/2020,70 UPPER SERANGOON VIEW #09-35,474,1,"1,305","1,136",169
Kingsford Waterbay,20/6/2018,78 UPPER SERANGOON VIEW #07-63,657,2,"1,310","1,072",238
Kingsford Waterbay,4/4/2019,76 UPPER SERANGOON VIEW #12-62,484,1,"1,321","1,131",190
Kingsford Waterbay,20/8/2019,72 UPPER SERANGOON VIEW #06-36,474,1,"1,326","1,100",226
Kingsford Waterbay,4/4/2019,66 UPPER SERANGOON VIEW #11-17,474,1,"1,362","1,125",237
Kingsford Waterbay,18/6/2019,66 UPPER SERANGOON VIEW #08-17,474,1,"1,372","1,132",240
Kingsford Waterbay,19/11/2021,70 UPPER SERANGOON VIEW #11-35,474,1,"1,372","1,157",215
Kingsford Waterbay,13/1/2020,70 UPPER SERANGOON VIEW #15-35,474,1,"1,372","1,141",231
North Park Residences,20/1/2020,27 YISHUN CENTRAL 1 #07-57,"1,098",3,"1,457","1,258",199
North Park Residences,16/9/2021,37 YISHUN CENTRAL 1 #06-89,"1,432",5,"1,467","1,257",210
North Park Residences,22/11/2019,33 YISHUN CENTRAL 1 #13-76,"1,023",3,"1,475","1,121",354
North Park Residences,12/6/2019,37 YISHUN CENTRAL 1 #05-90,883,3,"1,493","1,259",234
North Park Residences,29/6/2020,35 YISHUN CENTRAL 1 #12-82,883,3,"1,495","1,351",144
North Park Residences,21/7/2020,31 YISHUN CENTRAL 1 #09-65,969,3,"1,507","1,291",216
North Park Residences,10/3/2020,35 YISHUN CENTRAL 1 #04-77,861,3,"1,510","1,262",248
North Park Residences,1/4/2021,37 YISHUN CENTRAL 1 #07-90,883,3,"1,518","1,256",262
North Park Residences,8/9/2021,21 YISHUN CENTRAL 1 #09-42,"1,001",3,"1,528","1,286",242
North Park Residences,16/6/2021,35 YISHUN CENTRAL 1 #08-84,829,3,"1,568","1,288",280
North Park Residences,15/11/2021,29 YISHUN CENTRAL 1 #12-62,969,3,"1,577","1,348",229
North Park Residences,29/4/2020,17 YISHUN CENTRAL 1 #13-25,786,2,"1,222","1,166",56
North Park Residences,8/10/2021,15 YISHUN CENTRAL 1 #04-09,452,1,"1,394","1,408",-14
North Park Residences,5/5/2020,15 YISHUN CENTRAL 1 #12-14,560,1,"1,465","1,465",0
North Park Residences,10/8/2021,15 YISHUN CENTRAL 1 #08-10,431,1,"1,486","1,461",25
North Park Residences,3/5/2019,17 YISHUN CENTRAL 1 #11-26,"1,001",3,"1,598","1,285",313
North Park Residences,21/8/2019,35 YISHUN CENTRAL 1 #07-79,732,2,"1,486","1,329",157
North Park Residences,12/8/2020,17 YISHUN CENTRAL 1 #09-25,624,2,"1,506","1,407",99
North Park Residences,12/11/2021,15 YISHUN CENTRAL 1 #07-09,431,1,"1,521","1,439",82
North Park Residences,19/8/2019,15 YISHUN CENTRAL 1 #04-07,452,1,"1,526","1,439",87
North Park Residences,24/8/2020,19 YISHUN CENTRAL 1 #13-36,786,2,"1,527","1,207",320
North Park Residences,30/9/2019,31 YISHUN CENTRAL 1 #08-68,"1,206",4,"1,609","1,250",359
North Park Residences,30/7/2021,15 YISHUN CENTRAL 1 #09-07,431,1,"1,533","1,526",7
North Park Residences,30/9/2019,17 YISHUN CENTRAL 1 #08-29,700,2,"1,544","1,381",163
North Park Residences,1/3/2021,19 YISHUN CENTRAL 1 #05-36,624,2,"1,554","1,428",126
North Park Residences,15/10/2019,25 YISHUN CENTRAL 1 #08-56,"1,184",4,"1,613","1,282",331
North Park Residences,22/7/2019,37 YISHUN CENTRAL 1 #06-85,829,3,"1,614","1,281",333
North Park Residences,26/10/2020,17 YISHUN CENTRAL 1 #09-23,549,1,"1,557","1,443",114
North Park Residences,28/4/2021,21 YISHUN CENTRAL 1 #11-45,635,2,"1,559","1,395",164
North Park Residences,16/2/2021,17 YISHUN CENTRAL 1 #10-23,549,1,"1,567","1,452",115
North Park Residences,11/1/2021,33 YISHUN CENTRAL 1 #09-75,700,2,"1,572","1,423",149
North Park Residences,15/7/2019,17 YISHUN CENTRAL 1 #06-26,969,3,"1,631","1,281",350
North Park Residences,12/6/2019,33 YISHUN CENTRAL 1 #06-75,700,2,"1,572","1,397",175
North Park Residences,5/12/2019,15 YISHUN CENTRAL 1 #04-18,775,2,"1,574","1,342",232
North Park Residences,28/9/2021,15 YISHUN CENTRAL 1 #11-03,560,1,"1,586","1,466",120
North Park Residences,13/8/2021,15 YISHUN CENTRAL 1 #12-06,431,1,"1,591","1,572",19
North Park Residences,13/11/2019,17 YISHUN CENTRAL 1 #11-28,700,2,"1,612","1,402",210
North Park Residences,29/3/2021,35 YISHUN CENTRAL 1 #06-83,700,2,"1,615","1,401",214
North Park Residences,29/4/2019,25 YISHUN CENTRAL 1 #09-56,"1,184",4,"1,647","1,289",358
North Park Residences,3/11/2021,35 YISHUN CENTRAL 1 #10-83,700,2,"1,658","1,436",222
North Park Residences,28/9/2021,21 YISHUN CENTRAL 1 #10-45,635,2,"1,685","1,388",297
North Park Residences,17/6/2019,37 YISHUN CENTRAL 1 #10-88,549,1,"1,694","1,459",235
North Park Residences,28/12/2021,21 YISHUN CENTRAL 1 #06-40,700,2,"1,694","1,392",302
North Park Residences,25/9/2019,35 YISHUN CENTRAL 1 #12-77,829,3,"1,665","1,315",350
North Park Residences,25/3/2021,21 YISHUN CENTRAL 1 #05-41,700,2,"1,715","1,369",346
North Park Residences,12/3/2021,37 YISHUN CENTRAL 1 #12-85,829,3,"1,677","1,330",347
North Park Residences,30/8/2017,15 YISHUN CENTRAL 1 #09-20,699,2,"2,052","1,378",674
Symphony Suites,30/4/2019,19 YISHUN CLOSE #05-39,893,3,"1,069","1,063",6
Symphony Suites,8/9/2021,7 YISHUN CLOSE #08-15,786,3,"1,107","1,060",47
Symphony Suites,14/10/2019,11 YISHUN CLOSE #07-21,915,3,"1,137","1,013",124
Symphony Suites,22/12/2021,21 YISHUN CLOSE #05-42,786,3,"1,152","1,050",102
Symphony Suites,6/12/2021,15 YISHUN CLOSE #05-31,786,3,"1,158","1,016",142
Symphony Suites,29/3/2018,5 YISHUN CLOSE #01-09,689,2,"1,031",989,42
Symphony Suites,12/10/2020,7 YISHUN CLOSE #05-13,689,2,"1,050",991,59
Symphony Suites,28/12/2020,7 YISHUN CLOSE #01-16,689,2,"1,061","1,009",52
Symphony Suites,24/5/2021,15 YISHUN CLOSE #03-32,689,2,"1,074","1,041",33
Symphony Suites,10/11/2020,19 YISHUN CLOSE #02-40,689,2,"1,096","1,036",60
Symphony Suites,7/12/2021,17 YISHUN CLOSE #08-33,689,2,"1,103","1,050",53
Symphony Suites,25/9/2019,3 YISHUN CLOSE #08-08,689,2,"1,118","1,028",90
Symphony Suites,9/7/2019,17 YISHUN CLOSE #02-33,689,2,"1,132","1,015",117
Symphony Suites,11/12/2019,15 YISHUN CLOSE #07-29,689,2,"1,147","1,057",90
Symphony Suites,23/12/2021,3 YISHUN CLOSE #09-08,689,2,"1,183","1,035",148
